roll_number,name,email,degree,branch,passing_year
E24AI001,Abinaya S,abinayasaravanan2410@gmail.com,B.Sc Computer Science with Artificial Intelligence,,2027
E24AI002,Ahamed Haseeba,ahamedhaseeba@gmail.com,B.Sc Computer Science with Artificial Intelligence,,2027
E24AI003,Anika M B,anishricomputerss@gmail.com,B.Sc Computer Science with Artificial Intelligence,,2027
E24AI004,Asiya Maryam A,asiyamaryam9a@gmail.com,B.Sc Computer Science with Artificial Intelligence,,2027
E24AI005,Datchayeni A,datchayeniappadurai@gmail.com,B.Sc Computer Science with Artificial Intelligence,,2027
E24AI006,Deepa M,deepa251124@gmail.com,B.Sc Computer Science with Artificial Intelligence,,2027
E24AI007,Dharshini N,dharshininata@gmail.com,B.Sc Computer Science with Artificial Intelligence,,2027
E24AI008,Divya S,divyasara2006@gmail.com,B.Sc Computer Science with Artificial Intelligence,,2027
E24AI009,Elakiya K,elakiyakamal7@gmail.com,B.Sc Computer Science with Artificial Intelligence,,2027
E24AI010,Fathima Hafeesha P,fathimahafeesha632@gmail.com,B.Sc Computer Science with Artificial Intelligence,,2027
E24AI011,Harini R,harinibharathraj07@gmail.com,B.Sc Computer Science with Artificial Intelligence,,2027
E24AI012,Harini R,harinirajesh0519@gmail.com,B.Sc Computer Science with Artificial Intelligence,,2027
E24AI013,Harini R,rj.harini2612@gmail.com,B.Sc Computer Science with Artificial Intelligence,,2027
E24AI014,Harshini. S,harshinisuresh2006@gmail.com,B.Sc Computer Science with Artificial Intelligence,,2027
E24AI015,Janhavi N K,janhavikrishna307@gmail.com,B.Sc Computer Science with Artificial Intelligence,,2027
E24AI017,Kamalika A,akamalika1225@gmail.com,B.Sc Computer Science with Artificial Intelligence,,2027
E24AI018,Kanmani J,kanmanijayakumar26022007@gmail.com,B.Sc Computer Science with Artificial Intelligence,,2027
E24AI019,Karishma G,karishmaroshan09@gmail.com,B.Sc Computer Science with Artificial Intelligence,,2027
E24AI020,Keerthana S,ks1342007@gmail.com,B.Sc Computer Science with Artificial Intelligence,,2027
E24AI021,Kiruthiga R,kiruthigaraja07@gmail.com,B.Sc Computer Science with Artificial Intelligence,,2027
E24AI022,Lekha Mithra S A,lmithra312@gmail.com,B.Sc Computer Science with Artificial Intelligence,,2027
E24AI023,Madhangi B,kamatchibala6@gmail.com,B.Sc Computer Science with Artificial Intelligence,,2027
E24AI024,Mahalaksmi G,mahasophia2302@gmail.com,B.Sc Computer Science with Artificial Intelligence,,2027
E24AI025,Maneesha C A,maneeshaca08@gmail.com,B.Sc Computer Science with Artificial Intelligence,,2027
E24AI026,Manju Dharshini,yendraken@gmail.com,B.Sc Computer Science with Artificial Intelligence,,2027
E24AI027,Midhuna S,midhunasd2007@gmail.com,B.Sc Computer Science with Artificial Intelligence,,2027
E24AI028,Mirudulaa A V R,mirudulaaa@gmail.com,B.Sc Computer Science with Artificial Intelligence,,2027
E24AI029,Miruthula M,miruthulam2006@gmail.com,B.Sc Computer Science with Artificial Intelligence,,2027
E24AI030,Mrithulashri P,mrithulashrip1404@gmail.com,B.Sc Computer Science with Artificial Intelligence,,2027
E24AI031,Muthu Rakshana R,rrakshana1406@gmail.com,B.Sc Computer Science with Artificial Intelligence,,2027
E24AI032,Pooja M D,pooju0311@gmail.com,B.Sc Computer Science with Artificial Intelligence,,2027
E24AI033,Poonguzhali,poonguzhalipn666@gmail.com,B.Sc Computer Science with Artificial Intelligence,,2027
E24AI034,Prathiba D,sd1768135@gmail.com,B.Sc Computer Science with Artificial Intelligence,,2027
E24AI035,Preethi P,preethiparamaguru@gmail.com,B.Sc Computer Science with Artificial Intelligence,,2027
E24AI036,Priyadarshini S,priyadarshinis3333@gmail.com,B.Sc Computer Science with Artificial Intelligence,,2027
E24AI037,Rickshitha A,rickshithaanandakumar@gmail.com,B.Sc Computer Science with Artificial Intelligence,,2027
E24AI038,Rithika C,rithikavyas02@gmail.com,B.Sc Computer Science with Artificial Intelligence,,2027
E24AI039,Sai Niharika B,snb043@gmail.com,B.Sc Computer Science with Artificial Intelligence,,2027
E24AI040,Samreen Fathima R,rsamreenfathima29@gmail.com,B.Sc Computer Science with Artificial Intelligence,,2027
E24AI041,Sangavi A,sweetyalbert045@gmail.com,B.Sc Computer Science with Artificial Intelligence,,2027
E24AI042,Shalini P,shaliniruth2007@gmail.com,B.Sc Computer Science with Artificial Intelligence,,2027
E24AI043,Shameera A,sameeragani16@gmail.com,B.Sc Computer Science with Artificial Intelligence,,2027
E24AI044,Sherin Mary P J,johnsherin0605@gmail.com,B.Sc Computer Science with Artificial Intelligence,,2027
E24AI045,Shruthi N,shruthinat3@gmail.com,B.Sc Computer Science with Artificial Intelligence,,2027
E24AI046,Subhashini K,subhashini2ammu@gmail.com,B.Sc Computer Science with Artificial Intelligence,,2027
E24AI047,Swathi SM,smswathi05@gmail.com,B.Sc Computer Science with Artificial Intelligence,,2027
E24AI048,Tamizththendral R,tamizththendral@gmail.com,B.Sc Computer Science with Artificial Intelligence,,2027
E24AI049,Tharini P,thariniparthasarathy1804@gmail.com,B.Sc Computer Science with Artificial Intelligence,,2027
E24AI050,Varsha P,varshaprasadh0405@gmail.com,B.Sc Computer Science with Artificial Intelligence,,2027
E24AI051,Vijeta Baskaran,vijeta9c@gmail.com,B.Sc Computer Science with Artificial Intelligence,,2027
E24AI052,Yashika E,yashikaelumalai19@gmail.com,B.Sc Computer Science with Artificial Intelligence,,2027
E24AI053,Yuvashree S,yuvashreehavania29@gmail.com,B.Sc Computer Science with Artificial Intelligence,,2027
E24AI054,Archana S,archanaaparna786@gmail.com,B.Sc Computer Science with Artificial Intelligence,,2027
E24AI055,Subbulakshmi S,subbu22april2006@gmail.com,B.Sc Computer Science with Artificial Intelligence,,2027
