roll_number,AI skills,AI-assisted Full Stack Development,Aptitude,Communication skills,Data Structures and Algorithms,Fundamentals of Programming,GitHub strength,Programming skills
SDN27001
KAM27001
TAK27001
SVY27001
AMT27001
KAM27002
TAK27002
SVY27002
AMT27002
KAM27003
TAK27003
SVY27003
AMT27003
KAM27004
TAK27004
SVY27004
AMT27004
SDN27002
SDN27003
SDN27004
KAM27005
TAK27005
SVY27005
AMT27005
SDN27005
KAM27006
TAK27006
SVY27006
AMT27006
SDN27006
KAM27007
TAK27007
SVY27007
AMT27007
SDN27007
SDN27008
SDN27009
KAM27008
TAK27008
SVY27008
AMT27008
SDN27010
SDN27011
KAM27009
TAK27009
SVY27009
AMT27009
KAM27010
TAK27010
SVY27010
AMT27010
SDN27012
125
KAM27011
TAK27011
SVY27011
AMT27011
SDN27013
SDN27014
KAM27012
TAK27012
SVY27012
AMT27012
SDN27015
KAM27013
TAK27013
SVY27013
AMT27013
SDN27016
SDN27017
KAM27014
TAK27014
SVY27014
AMT27014
KAM27015
TAK27015
SVY27015
AMT27015
SDN27018
9876543
KAM27016
TAK27016
SVY27016
AMT27016
KAM27017
TAK27017
SVY27017
AMT27017
KAM27018
TAK27018
SVY27018
AMT27018
56789
BCA2023156
124
KAM27019
TAK27019
SVY27019
AMT27019
SDN27019
SDN27020
KAM27020
TAK27020
SVY27020
AMT27020
